filepath,xmin,xmax,ymin,ymax
e:\AnacondaWorkspace\resume\ineuron\Automatic_Number_Plate_Recognition_Project\Dataset\common\Cars0.xml,226,419,125,173
e:\AnacondaWorkspace\resume\ineuron\Automatic_Number_Plate_Recognition_Project\Dataset\common\Cars1.xml,134,262,128,160
e:\AnacondaWorkspace\resume\ineuron\Automatic_Number_Plate_Recognition_Project\Dataset\common\Cars10.xml,140,303,5,148
e:\AnacondaWorkspace\resume\ineuron\Automatic_Number_Plate_Recognition_Project\Dataset\common\Cars100.xml,175,214,114,131
e:\AnacondaWorkspace\resume\ineuron\Automatic_Number_Plate_Recognition_Project\Dataset\common\Cars101.xml,167,240,202,220
e:\AnacondaWorkspace\resume\ineuron\Automatic_Number_Plate_Recognition_Project\Dataset\common\Cars102.xml,66,322,147,199
e:\AnacondaWorkspace\resume\ineuron\Automatic_Number_Plate_Recognition_Project\Dataset\common\Cars103.xml,230,248,129,134
e:\AnacondaWorkspace\resume\ineuron\Automatic_Number_Plate_Recognition_Project\Dataset\common\Cars104.xml,195,244,266,282
e:\AnacondaWorkspace\resume\ineuron\Automatic_Number_Plate_Recognition_Project\Dataset\common\Cars105.xml,152,206,147,159
e:\AnacondaWorkspace\resume\ineuron\Automatic_Number_Plate_Recognition_Project\Dataset\common\Cars106.xml,138,177,79,92
e:\AnacondaWorkspace\resume\ineuron\Automatic_Number_Plate_Recognition_Project\Dataset\common\Cars107.xml,141,311,113,164
e:\AnacondaWorkspace\resume\ineuron\Automatic_Number_Plate_Recognition_Project\Dataset\common\Cars108.xml,158,277,216,248
e:\AnacondaWorkspace\resume\ineuron\Automatic_Number_Plate_Recognition_Project\Dataset\common\Cars109.xml,115,278,116,153
e:\AnacondaWorkspace\resume\ineuron\Automatic_Number_Plate_Recognition_Project\Dataset\common\Cars11.xml,131,273,206,234
e:\AnacondaWorkspace\resume\ineuron\Automatic_Number_Plate_Recognition_Project\Dataset\common\Cars110.xml,286,328,133,159
e:\AnacondaWorkspace\resume\ineuron\Automatic_Number_Plate_Recognition_Project\Dataset\common\Cars111.xml,319,478,165,204
e:\AnacondaWorkspace\resume\ineuron\Automatic_Number_Plate_Recognition_Project\Dataset\common\Cars112.xml,49,164,135,191
e:\AnacondaWorkspace\resume\ineuron\Automatic_Number_Plate_Recognition_Project\Dataset\common\Cars113.xml,151,306,113,180
e:\AnacondaWorkspace\resume\ineuron\Automatic_Number_Plate_Recognition_Project\Dataset\common\Cars114.xml,7,493,16,256
e:\AnacondaWorkspace\resume\ineuron\Automatic_Number_Plate_Recognition_Project\Dataset\common\Cars115.xml,315,407,287,311
e:\AnacondaWorkspace\resume\ineuron\Automatic_Number_Plate_Recognition_Project\Dataset\common\Cars116.xml,149,267,218,247
e:\AnacondaWorkspace\resume\ineuron\Automatic_Number_Plate_Recognition_Project\Dataset\common\Cars117.xml,42,86,126,137
e:\AnacondaWorkspace\resume\ineuron\Automatic_Number_Plate_Recognition_Project\Dataset\common\Cars118.xml,193,394,165,217
e:\AnacondaWorkspace\resume\ineuron\Automatic_Number_Plate_Recognition_Project\Dataset\common\Cars119.xml,187,217,140,153
e:\AnacondaWorkspace\resume\ineuron\Automatic_Number_Plate_Recognition_Project\Dataset\common\Cars12.xml,122,277,82,117
e:\AnacondaWorkspace\resume\ineuron\Automatic_Number_Plate_Recognition_Project\Dataset\common\Cars120.xml,159,250,178,200
e:\AnacondaWorkspace\resume\ineuron\Automatic_Number_Plate_Recognition_Project\Dataset\common\Cars121.xml,336,357,192,204
e:\AnacondaWorkspace\resume\ineuron\Automatic_Number_Plate_Recognition_Project\Dataset\common\Cars122.xml,195,254,147,169
e:\AnacondaWorkspace\resume\ineuron\Automatic_Number_Plate_Recognition_Project\Dataset\common\Cars123.xml,159,237,221,242
e:\AnacondaWorkspace\resume\ineuron\Automatic_Number_Plate_Recognition_Project\Dataset\common\Cars124.xml,305,320,256,267
e:\AnacondaWorkspace\resume\ineuron\Automatic_Number_Plate_Recognition_Project\Dataset\common\Cars125.xml,280,355,196,257
e:\AnacondaWorkspace\resume\ineuron\Automatic_Number_Plate_Recognition_Project\Dataset\common\Cars126.xml,103,293,99,201
e:\AnacondaWorkspace\resume\ineuron\Automatic_Number_Plate_Recognition_Project\Dataset\common\Cars127.xml,360,383,166,181
e:\AnacondaWorkspace\resume\ineuron\Automatic_Number_Plate_Recognition_Project\Dataset\common\Cars128.xml,112,306,65,173
e:\AnacondaWorkspace\resume\ineuron\Automatic_Number_Plate_Recognition_Project\Dataset\common\Cars129.xml,204,282,213,267
e:\AnacondaWorkspace\resume\ineuron\Automatic_Number_Plate_Recognition_Project\Dataset\common\Cars13.xml,191,242,147,169
e:\AnacondaWorkspace\resume\ineuron\Automatic_Number_Plate_Recognition_Project\Dataset\common\Cars130.xml,91,166,110,140
e:\AnacondaWorkspace\resume\ineuron\Automatic_Number_Plate_Recognition_Project\Dataset\common\Cars131.xml,19,497,29,245
e:\AnacondaWorkspace\resume\ineuron\Automatic_Number_Plate_Recognition_Project\Dataset\common\Cars132.xml,23,56,190,198
e:\AnacondaWorkspace\resume\ineuron\Automatic_Number_Plate_Recognition_Project\Dataset\common\Cars133.xml,247,375,185,223
e:\AnacondaWorkspace\resume\ineuron\Automatic_Number_Plate_Recognition_Project\Dataset\common\Cars134.xml,76,133,151,174
e:\AnacondaWorkspace\resume\ineuron\Automatic_Number_Plate_Recognition_Project\Dataset\common\Cars135.xml,260,319,184,211
e:\AnacondaWorkspace\resume\ineuron\Automatic_Number_Plate_Recognition_Project\Dataset\common\Cars136.xml,164,245,104,119
e:\AnacondaWorkspace\resume\ineuron\Automatic_Number_Plate_Recognition_Project\Dataset\common\Cars137.xml,178,204,181,191
e:\AnacondaWorkspace\resume\ineuron\Automatic_Number_Plate_Recognition_Project\Dataset\common\Cars138.xml,153,254,141,185
e:\AnacondaWorkspace\resume\ineuron\Automatic_Number_Plate_Recognition_Project\Dataset\common\Cars139.xml,315,337,189,197
e:\AnacondaWorkspace\resume\ineuron\Automatic_Number_Plate_Recognition_Project\Dataset\common\Cars14.xml,94,274,118,163
e:\AnacondaWorkspace\resume\ineuron\Automatic_Number_Plate_Recognition_Project\Dataset\common\Cars140.xml,283,424,239,286
e:\AnacondaWorkspace\resume\ineuron\Automatic_Number_Plate_Recognition_Project\Dataset\common\Cars141.xml,266,307,169,188
e:\AnacondaWorkspace\resume\ineuron\Automatic_Number_Plate_Recognition_Project\Dataset\common\Cars142.xml,178,273,124,144
e:\AnacondaWorkspace\resume\ineuron\Automatic_Number_Plate_Recognition_Project\Dataset\common\Cars143.xml,93,130,196,207
e:\AnacondaWorkspace\resume\ineuron\Automatic_Number_Plate_Recognition_Project\Dataset\common\Cars144.xml,101,215,114,154
e:\AnacondaWorkspace\resume\ineuron\Automatic_Number_Plate_Recognition_Project\Dataset\common\Cars145.xml,282,422,236,283
e:\AnacondaWorkspace\resume\ineuron\Automatic_Number_Plate_Recognition_Project\Dataset\common\Cars146.xml,143,170,263,271
e:\AnacondaWorkspace\resume\ineuron\Automatic_Number_Plate_Recognition_Project\Dataset\common\Cars147.xml,226,420,125,169
e:\AnacondaWorkspace\resume\ineuron\Automatic_Number_Plate_Recognition_Project\Dataset\common\Cars148.xml,135,218,134,158
e:\AnacondaWorkspace\resume\ineuron\Automatic_Number_Plate_Recognition_Project\Dataset\common\Cars149.xml,212,245,182,203
e:\AnacondaWorkspace\resume\ineuron\Automatic_Number_Plate_Recognition_Project\Dataset\common\Cars15.xml,310,372,146,171
e:\AnacondaWorkspace\resume\ineuron\Automatic_Number_Plate_Recognition_Project\Dataset\common\Cars150.xml,122,262,198,232
e:\AnacondaWorkspace\resume\ineuron\Automatic_Number_Plate_Recognition_Project\Dataset\common\Cars151.xml,54,120,135,178
e:\AnacondaWorkspace\resume\ineuron\Automatic_Number_Plate_Recognition_Project\Dataset\common\Cars152.xml,92,199,258,284
e:\AnacondaWorkspace\resume\ineuron\Automatic_Number_Plate_Recognition_Project\Dataset\common\Cars153.xml,146,311,118,170
e:\AnacondaWorkspace\resume\ineuron\Automatic_Number_Plate_Recognition_Project\Dataset\common\Cars154.xml,70,264,197,265
e:\AnacondaWorkspace\resume\ineuron\Automatic_Number_Plate_Recognition_Project\Dataset\common\Cars155.xml,150,203,177,190
e:\AnacondaWorkspace\resume\ineuron\Automatic_Number_Plate_Recognition_Project\Dataset\common\Cars156.xml,114,230,78,102
e:\AnacondaWorkspace\resume\ineuron\Automatic_Number_Plate_Recognition_Project\Dataset\common\Cars157.xml,330,366,152,179
e:\AnacondaWorkspace\resume\ineuron\Automatic_Number_Plate_Recognition_Project\Dataset\common\Cars158.xml,97,296,118,210
e:\AnacondaWorkspace\resume\ineuron\Automatic_Number_Plate_Recognition_Project\Dataset\common\Cars159.xml,149,261,184,211
e:\AnacondaWorkspace\resume\ineuron\Automatic_Number_Plate_Recognition_Project\Dataset\common\Cars16.xml,36,62,175,186
e:\AnacondaWorkspace\resume\ineuron\Automatic_Number_Plate_Recognition_Project\Dataset\common\Cars160.xml,209,281,137,174
e:\AnacondaWorkspace\resume\ineuron\Automatic_Number_Plate_Recognition_Project\Dataset\common\Cars161.xml,312,406,283,311
e:\AnacondaWorkspace\resume\ineuron\Automatic_Number_Plate_Recognition_Project\Dataset\common\Cars162.xml,201,268,168,213
e:\AnacondaWorkspace\resume\ineuron\Automatic_Number_Plate_Recognition_Project\Dataset\common\Cars163.xml,220,360,173,200
e:\AnacondaWorkspace\resume\ineuron\Automatic_Number_Plate_Recognition_Project\Dataset\common\Cars164.xml,160,239,144,183
e:\AnacondaWorkspace\resume\ineuron\Automatic_Number_Plate_Recognition_Project\Dataset\common\Cars165.xml,209,293,217,254
e:\AnacondaWorkspace\resume\ineuron\Automatic_Number_Plate_Recognition_Project\Dataset\common\Cars166.xml,148,201,123,150
e:\AnacondaWorkspace\resume\ineuron\Automatic_Number_Plate_Recognition_Project\Dataset\common\Cars167.xml,176,327,254,285
e:\AnacondaWorkspace\resume\ineuron\Automatic_Number_Plate_Recognition_Project\Dataset\common\Cars168.xml,82,137,95,125
e:\AnacondaWorkspace\resume\ineuron\Automatic_Number_Plate_Recognition_Project\Dataset\common\Cars169.xml,114,229,79,101
e:\AnacondaWorkspace\resume\ineuron\Automatic_Number_Plate_Recognition_Project\Dataset\common\Cars17.xml,306,351,188,205
e:\AnacondaWorkspace\resume\ineuron\Automatic_Number_Plate_Recognition_Project\Dataset\common\Cars170.xml,318,346,190,224
e:\AnacondaWorkspace\resume\ineuron\Automatic_Number_Plate_Recognition_Project\Dataset\common\Cars171.xml,192,242,146,167
e:\AnacondaWorkspace\resume\ineuron\Automatic_Number_Plate_Recognition_Project\Dataset\common\Cars172.xml,173,301,209,239
e:\AnacondaWorkspace\resume\ineuron\Automatic_Number_Plate_Recognition_Project\Dataset\common\Cars173.xml,170,252,118,163
e:\AnacondaWorkspace\resume\ineuron\Automatic_Number_Plate_Recognition_Project\Dataset\common\Cars174.xml,283,306,159,168
e:\AnacondaWorkspace\resume\ineuron\Automatic_Number_Plate_Recognition_Project\Dataset\common\Cars175.xml,295,456,237,367
e:\AnacondaWorkspace\resume\ineuron\Automatic_Number_Plate_Recognition_Project\Dataset\common\Cars176.xml,72,308,67,185
e:\AnacondaWorkspace\resume\ineuron\Automatic_Number_Plate_Recognition_Project\Dataset\common\Cars177.xml,149,272,166,193
e:\AnacondaWorkspace\resume\ineuron\Automatic_Number_Plate_Recognition_Project\Dataset\common\Cars178.xml,126,173,180,205
e:\AnacondaWorkspace\resume\ineuron\Automatic_Number_Plate_Recognition_Project\Dataset\common\Cars179.xml,72,132,160,197
e:\AnacondaWorkspace\resume\ineuron\Automatic_Number_Plate_Recognition_Project\Dataset\common\Cars18.xml,313,405,286,311
e:\AnacondaWorkspace\resume\ineuron\Automatic_Number_Plate_Recognition_Project\Dataset\common\Cars180.xml,151,304,115,187
e:\AnacondaWorkspace\resume\ineuron\Automatic_Number_Plate_Recognition_Project\Dataset\common\Cars181.xml,69,128,195,209
e:\AnacondaWorkspace\resume\ineuron\Automatic_Number_Plate_Recognition_Project\Dataset\common\Cars182.xml,168,247,139,159
e:\AnacondaWorkspace\resume\ineuron\Automatic_Number_Plate_Recognition_Project\Dataset\common\Cars183.xml,97,234,138,170
e:\AnacondaWorkspace\resume\ineuron\Automatic_Number_Plate_Recognition_Project\Dataset\common\Cars184.xml,163,212,146,159
e:\AnacondaWorkspace\resume\ineuron\Automatic_Number_Plate_Recognition_Project\Dataset\common\Cars185.xml,154,293,147,194
e:\AnacondaWorkspace\resume\ineuron\Automatic_Number_Plate_Recognition_Project\Dataset\common\Cars186.xml,175,242,152,175
e:\AnacondaWorkspace\resume\ineuron\Automatic_Number_Plate_Recognition_Project\Dataset\common\Cars187.xml,96,287,116,155
e:\AnacondaWorkspace\resume\ineuron\Automatic_Number_Plate_Recognition_Project\Dataset\common\Cars188.xml,32,43,184,193
e:\AnacondaWorkspace\resume\ineuron\Automatic_Number_Plate_Recognition_Project\Dataset\common\Cars189.xml,285,423,241,286
e:\AnacondaWorkspace\resume\ineuron\Automatic_Number_Plate_Recognition_Project\Dataset\common\Cars19.xml,148,221,195,232
e:\AnacondaWorkspace\resume\ineuron\Automatic_Number_Plate_Recognition_Project\Dataset\common\Cars190.xml,149,245,210,235
e:\AnacondaWorkspace\resume\ineuron\Automatic_Number_Plate_Recognition_Project\Dataset\common\Cars191.xml,96,199,189,217
e:\AnacondaWorkspace\resume\ineuron\Automatic_Number_Plate_Recognition_Project\Dataset\common\Cars192.xml,108,211,150,173
e:\AnacondaWorkspace\resume\ineuron\Automatic_Number_Plate_Recognition_Project\Dataset\common\Cars193.xml,306,344,193,214
e:\AnacondaWorkspace\resume\ineuron\Automatic_Number_Plate_Recognition_Project\Dataset\common\Cars194.xml,267,316,170,183
e:\AnacondaWorkspace\resume\ineuron\Automatic_Number_Plate_Recognition_Project\Dataset\common\Cars195.xml,450,526,223,244
e:\AnacondaWorkspace\resume\ineuron\Automatic_Number_Plate_Recognition_Project\Dataset\common\Cars196.xml,105,130,128,140
e:\AnacondaWorkspace\resume\ineuron\Automatic_Number_Plate_Recognition_Project\Dataset\common\Cars197.xml,222,359,176,201
e:\AnacondaWorkspace\resume\ineuron\Automatic_Number_Plate_Recognition_Project\Dataset\common\Cars198.xml,166,273,225,246
e:\AnacondaWorkspace\resume\ineuron\Automatic_Number_Plate_Recognition_Project\Dataset\common\Cars199.xml,59,310,88,158
e:\AnacondaWorkspace\resume\ineuron\Automatic_Number_Plate_Recognition_Project\Dataset\common\Cars2.xml,229,270,176,193
e:\AnacondaWorkspace\resume\ineuron\Automatic_Number_Plate_Recognition_Project\Dataset\common\Cars20.xml,18,48,135,152
e:\AnacondaWorkspace\resume\ineuron\Automatic_Number_Plate_Recognition_Project\Dataset\common\Cars200.xml,95,195,189,217
e:\AnacondaWorkspace\resume\ineuron\Automatic_Number_Plate_Recognition_Project\Dataset\common\Cars201.xml,216,367,171,208
e:\AnacondaWorkspace\resume\ineuron\Automatic_Number_Plate_Recognition_Project\Dataset\common\Cars202.xml,197,249,135,159
e:\AnacondaWorkspace\resume\ineuron\Automatic_Number_Plate_Recognition_Project\Dataset\common\Cars203.xml,116,271,112,165
e:\AnacondaWorkspace\resume\ineuron\Automatic_Number_Plate_Recognition_Project\Dataset\common\Cars204.xml,193,279,145,187
e:\AnacondaWorkspace\resume\ineuron\Automatic_Number_Plate_Recognition_Project\Dataset\common\Cars205.xml,156,221,162,199
e:\AnacondaWorkspace\resume\ineuron\Automatic_Number_Plate_Recognition_Project\Dataset\common\Cars206.xml,95,164,185,206
e:\AnacondaWorkspace\resume\ineuron\Automatic_Number_Plate_Recognition_Project\Dataset\common\Cars207.xml,254,372,229,264
e:\AnacondaWorkspace\resume\ineuron\Automatic_Number_Plate_Recognition_Project\Dataset\common\Cars208.xml,142,232,123,169
e:\AnacondaWorkspace\resume\ineuron\Automatic_Number_Plate_Recognition_Project\Dataset\common\Cars209.xml,359,387,172,186
e:\AnacondaWorkspace\resume\ineuron\Automatic_Number_Plate_Recognition_Project\Dataset\common\Cars21.xml,191,255,165,192
e:\AnacondaWorkspace\resume\ineuron\Automatic_Number_Plate_Recognition_Project\Dataset\common\Cars210.xml,54,315,90,159
e:\AnacondaWorkspace\resume\ineuron\Automatic_Number_Plate_Recognition_Project\Dataset\common\Cars211.xml,28,387,64,235
e:\AnacondaWorkspace\resume\ineuron\Automatic_Number_Plate_Recognition_Project\Dataset\common\Cars212.xml,105,290,94,141
e:\AnacondaWorkspace\resume\ineuron\Automatic_Number_Plate_Recognition_Project\Dataset\common\Cars213.xml,150,233,160,194
e:\AnacondaWorkspace\resume\ineuron\Automatic_Number_Plate_Recognition_Project\Dataset\common\Cars214.xml,188,214,121,134
e:\AnacondaWorkspace\resume\ineuron\Automatic_Number_Plate_Recognition_Project\Dataset\common\Cars215.xml,92,162,105,123
e:\AnacondaWorkspace\resume\ineuron\Automatic_Number_Plate_Recognition_Project\Dataset\common\Cars216.xml,205,280,214,262
e:\AnacondaWorkspace\resume\ineuron\Automatic_Number_Plate_Recognition_Project\Dataset\common\Cars217.xml,149,223,196,231
e:\AnacondaWorkspace\resume\ineuron\Automatic_Number_Plate_Recognition_Project\Dataset\common\Cars218.xml,0,27,166,188
e:\AnacondaWorkspace\resume\ineuron\Automatic_Number_Plate_Recognition_Project\Dataset\common\Cars219.xml,127,462,172,236
e:\AnacondaWorkspace\resume\ineuron\Automatic_Number_Plate_Recognition_Project\Dataset\common\Cars22.xml,207,260,104,116
e:\AnacondaWorkspace\resume\ineuron\Automatic_Number_Plate_Recognition_Project\Dataset\common\Cars220.xml,142,188,168,182
e:\AnacondaWorkspace\resume\ineuron\Automatic_Number_Plate_Recognition_Project\Dataset\common\Cars221.xml,102,125,122,135
e:\AnacondaWorkspace\resume\ineuron\Automatic_Number_Plate_Recognition_Project\Dataset\common\Cars222.xml,178,235,158,170
e:\AnacondaWorkspace\resume\ineuron\Automatic_Number_Plate_Recognition_Project\Dataset\common\Cars223.xml,347,407,231,249
e:\AnacondaWorkspace\resume\ineuron\Automatic_Number_Plate_Recognition_Project\Dataset\common\Cars224.xml,181,243,250,275
e:\AnacondaWorkspace\resume\ineuron\Automatic_Number_Plate_Recognition_Project\Dataset\common\Cars225.xml,189,384,161,215
e:\AnacondaWorkspace\resume\ineuron\Automatic_Number_Plate_Recognition_Project\Dataset\common\Cars226.xml,249,318,194,213
e:\AnacondaWorkspace\resume\ineuron\Automatic_Number_Plate_Recognition_Project\Dataset\common\Cars227.xml,118,153,199,211
e:\AnacondaWorkspace\resume\ineuron\Automatic_Number_Plate_Recognition_Project\Dataset\common\Cars228.xml,86,113,127,143
e:\AnacondaWorkspace\resume\ineuron\Automatic_Number_Plate_Recognition_Project\Dataset\common\Cars229.xml,253,284,163,177
e:\AnacondaWorkspace\resume\ineuron\Automatic_Number_Plate_Recognition_Project\Dataset\common\Cars23.xml,143,213,172,211
e:\AnacondaWorkspace\resume\ineuron\Automatic_Number_Plate_Recognition_Project\Dataset\common\Cars230.xml,222,361,173,202
e:\AnacondaWorkspace\resume\ineuron\Automatic_Number_Plate_Recognition_Project\Dataset\common\Cars231.xml,64,133,160,180
e:\AnacondaWorkspace\resume\ineuron\Automatic_Number_Plate_Recognition_Project\Dataset\common\Cars232.xml,175,228,174,201
e:\AnacondaWorkspace\resume\ineuron\Automatic_Number_Plate_Recognition_Project\Dataset\common\Cars233.xml,189,259,55,78
e:\AnacondaWorkspace\resume\ineuron\Automatic_Number_Plate_Recognition_Project\Dataset\common\Cars234.xml,160,246,149,171
e:\AnacondaWorkspace\resume\ineuron\Automatic_Number_Plate_Recognition_Project\Dataset\common\Cars235.xml,152,247,145,167
e:\AnacondaWorkspace\resume\ineuron\Automatic_Number_Plate_Recognition_Project\Dataset\common\Cars236.xml,223,250,106,119
e:\AnacondaWorkspace\resume\ineuron\Automatic_Number_Plate_Recognition_Project\Dataset\common\Cars237.xml,118,154,148,169
e:\AnacondaWorkspace\resume\ineuron\Automatic_Number_Plate_Recognition_Project\Dataset\common\Cars238.xml,276,396,186,273
e:\AnacondaWorkspace\resume\ineuron\Automatic_Number_Plate_Recognition_Project\Dataset\common\Cars239.xml,176,326,254,284
e:\AnacondaWorkspace\resume\ineuron\Automatic_Number_Plate_Recognition_Project\Dataset\common\Cars24.xml,167,240,202,221
e:\AnacondaWorkspace\resume\ineuron\Automatic_Number_Plate_Recognition_Project\Dataset\common\Cars240.xml,171,232,116,132
e:\AnacondaWorkspace\resume\ineuron\Automatic_Number_Plate_Recognition_Project\Dataset\common\Cars241.xml,126,241,142,199
e:\AnacondaWorkspace\resume\ineuron\Automatic_Number_Plate_Recognition_Project\Dataset\common\Cars242.xml,224,277,170,199
e:\AnacondaWorkspace\resume\ineuron\Automatic_Number_Plate_Recognition_Project\Dataset\common\Cars243.xml,129,465,174,235
e:\AnacondaWorkspace\resume\ineuron\Automatic_Number_Plate_Recognition_Project\Dataset\common\Cars244.xml,20,360,87,155
e:\AnacondaWorkspace\resume\ineuron\Automatic_Number_Plate_Recognition_Project\Dataset\common\Cars245.xml,91,164,110,138
e:\AnacondaWorkspace\resume\ineuron\Automatic_Number_Plate_Recognition_Project\Dataset\common\Cars246.xml,49,112,163,193
e:\AnacondaWorkspace\resume\ineuron\Automatic_Number_Plate_Recognition_Project\Dataset\common\Cars247.xml,147,300,11,149
e:\AnacondaWorkspace\resume\ineuron\Automatic_Number_Plate_Recognition_Project\Dataset\common\Cars248.xml,184,311,143,191
e:\AnacondaWorkspace\resume\ineuron\Automatic_Number_Plate_Recognition_Project\Dataset\common\Cars249.xml,118,149,91,99
e:\AnacondaWorkspace\resume\ineuron\Automatic_Number_Plate_Recognition_Project\Dataset\common\Cars25.xml,177,216,139,159
e:\AnacondaWorkspace\resume\ineuron\Automatic_Number_Plate_Recognition_Project\Dataset\common\Cars250.xml,132,261,123,160
e:\AnacondaWorkspace\resume\ineuron\Automatic_Number_Plate_Recognition_Project\Dataset\common\Cars251.xml,136,210,134,153
e:\AnacondaWorkspace\resume\ineuron\Automatic_Number_Plate_Recognition_Project\Dataset\common\Cars252.xml,174,314,237,274
e:\AnacondaWorkspace\resume\ineuron\Automatic_Number_Plate_Recognition_Project\Dataset\common\Cars253.xml,25,64,124,137
e:\AnacondaWorkspace\resume\ineuron\Automatic_Number_Plate_Recognition_Project\Dataset\common\Cars254.xml,166,235,175,207
e:\AnacondaWorkspace\resume\ineuron\Automatic_Number_Plate_Recognition_Project\Dataset\common\Cars255.xml,116,273,156,188
e:\AnacondaWorkspace\resume\ineuron\Automatic_Number_Plate_Recognition_Project\Dataset\common\Cars256.xml,286,400,175,212
e:\AnacondaWorkspace\resume\ineuron\Automatic_Number_Plate_Recognition_Project\Dataset\common\Cars257.xml,167,241,132,166
e:\AnacondaWorkspace\resume\ineuron\Automatic_Number_Plate_Recognition_Project\Dataset\common\Cars258.xml,158,230,184,232
e:\AnacondaWorkspace\resume\ineuron\Automatic_Number_Plate_Recognition_Project\Dataset\common\Cars259.xml,324,475,166,205
e:\AnacondaWorkspace\resume\ineuron\Automatic_Number_Plate_Recognition_Project\Dataset\common\Cars26.xml,258,321,184,213
e:\AnacondaWorkspace\resume\ineuron\Automatic_Number_Plate_Recognition_Project\Dataset\common\Cars260.xml,170,232,112,129
e:\AnacondaWorkspace\resume\ineuron\Automatic_Number_Plate_Recognition_Project\Dataset\common\Cars261.xml,1,464,74,154
e:\AnacondaWorkspace\resume\ineuron\Automatic_Number_Plate_Recognition_Project\Dataset\common\Cars262.xml,243,285,184,205
e:\AnacondaWorkspace\resume\ineuron\Automatic_Number_Plate_Recognition_Project\Dataset\common\Cars263.xml,129,232,260,290
e:\AnacondaWorkspace\resume\ineuron\Automatic_Number_Plate_Recognition_Project\Dataset\common\Cars264.xml,222,295,300,337
e:\AnacondaWorkspace\resume\ineuron\Automatic_Number_Plate_Recognition_Project\Dataset\common\Cars265.xml,87,216,166,212
e:\AnacondaWorkspace\resume\ineuron\Automatic_Number_Plate_Recognition_Project\Dataset\common\Cars266.xml,11,88,57,76
e:\AnacondaWorkspace\resume\ineuron\Automatic_Number_Plate_Recognition_Project\Dataset\common\Cars267.xml,274,343,118,138
e:\AnacondaWorkspace\resume\ineuron\Automatic_Number_Plate_Recognition_Project\Dataset\common\Cars268.xml,213,271,133,168
e:\AnacondaWorkspace\resume\ineuron\Automatic_Number_Plate_Recognition_Project\Dataset\common\Cars269.xml,110,147,199,217
e:\AnacondaWorkspace\resume\ineuron\Automatic_Number_Plate_Recognition_Project\Dataset\common\Cars27.xml,148,245,127,159
e:\AnacondaWorkspace\resume\ineuron\Automatic_Number_Plate_Recognition_Project\Dataset\common\Cars270.xml,75,125,173,195
e:\AnacondaWorkspace\resume\ineuron\Automatic_Number_Plate_Recognition_Project\Dataset\common\Cars271.xml,262,318,141,160
e:\AnacondaWorkspace\resume\ineuron\Automatic_Number_Plate_Recognition_Project\Dataset\common\Cars272.xml,170,316,81,121
e:\AnacondaWorkspace\resume\ineuron\Automatic_Number_Plate_Recognition_Project\Dataset\common\Cars273.xml,74,264,132,173
e:\AnacondaWorkspace\resume\ineuron\Automatic_Number_Plate_Recognition_Project\Dataset\common\Cars274.xml,196,253,149,169
e:\AnacondaWorkspace\resume\ineuron\Automatic_Number_Plate_Recognition_Project\Dataset\common\Cars275.xml,99,162,150,167
e:\AnacondaWorkspace\resume\ineuron\Automatic_Number_Plate_Recognition_Project\Dataset\common\Cars276.xml,115,276,116,156
e:\AnacondaWorkspace\resume\ineuron\Automatic_Number_Plate_Recognition_Project\Dataset\common\Cars277.xml,48,72,218,225
e:\AnacondaWorkspace\resume\ineuron\Automatic_Number_Plate_Recognition_Project\Dataset\common\Cars278.xml,278,315,138,163
e:\AnacondaWorkspace\resume\ineuron\Automatic_Number_Plate_Recognition_Project\Dataset\common\Cars279.xml,42,202,131,243
e:\AnacondaWorkspace\resume\ineuron\Automatic_Number_Plate_Recognition_Project\Dataset\common\Cars28.xml,541,598,366,384
e:\AnacondaWorkspace\resume\ineuron\Automatic_Number_Plate_Recognition_Project\Dataset\common\Cars280.xml,191,213,185,195
e:\AnacondaWorkspace\resume\ineuron\Automatic_Number_Plate_Recognition_Project\Dataset\common\Cars281.xml,151,243,169,183
e:\AnacondaWorkspace\resume\ineuron\Automatic_Number_Plate_Recognition_Project\Dataset\common\Cars282.xml,37,319,145,203
e:\AnacondaWorkspace\resume\ineuron\Automatic_Number_Plate_Recognition_Project\Dataset\common\Cars283.xml,51,79,189,201
e:\AnacondaWorkspace\resume\ineuron\Automatic_Number_Plate_Recognition_Project\Dataset\common\Cars284.xml,70,260,199,271
e:\AnacondaWorkspace\resume\ineuron\Automatic_Number_Plate_Recognition_Project\Dataset\common\Cars285.xml,91,163,111,134
e:\AnacondaWorkspace\resume\ineuron\Automatic_Number_Plate_Recognition_Project\Dataset\common\Cars286.xml,201,288,191,230
e:\AnacondaWorkspace\resume\ineuron\Automatic_Number_Plate_Recognition_Project\Dataset\common\Cars287.xml,148,262,180,213
e:\AnacondaWorkspace\resume\ineuron\Automatic_Number_Plate_Recognition_Project\Dataset\common\Cars288.xml,97,164,148,169
e:\AnacondaWorkspace\resume\ineuron\Automatic_Number_Plate_Recognition_Project\Dataset\common\Cars289.xml,163,271,140,173
e:\AnacondaWorkspace\resume\ineuron\Automatic_Number_Plate_Recognition_Project\Dataset\common\Cars29.xml,143,211,171,208
e:\AnacondaWorkspace\resume\ineuron\Automatic_Number_Plate_Recognition_Project\Dataset\common\Cars290.xml,224,271,84,118
e:\AnacondaWorkspace\resume\ineuron\Automatic_Number_Plate_Recognition_Project\Dataset\common\Cars291.xml,71,215,205,246
e:\AnacondaWorkspace\resume\ineuron\Automatic_Number_Plate_Recognition_Project\Dataset\common\Cars292.xml,91,137,187,208
e:\AnacondaWorkspace\resume\ineuron\Automatic_Number_Plate_Recognition_Project\Dataset\common\Cars293.xml,64,130,160,181
e:\AnacondaWorkspace\resume\ineuron\Automatic_Number_Plate_Recognition_Project\Dataset\common\Cars294.xml,142,218,117,135
e:\AnacondaWorkspace\resume\ineuron\Automatic_Number_Plate_Recognition_Project\Dataset\common\Cars295.xml,52,73,170,182
e:\AnacondaWorkspace\resume\ineuron\Automatic_Number_Plate_Recognition_Project\Dataset\common\Cars296.xml,163,234,158,196
e:\AnacondaWorkspace\resume\ineuron\Automatic_Number_Plate_Recognition_Project\Dataset\common\Cars297.xml,158,247,149,170
e:\AnacondaWorkspace\resume\ineuron\Automatic_Number_Plate_Recognition_Project\Dataset\common\Cars298.xml,166,233,148,184
e:\AnacondaWorkspace\resume\ineuron\Automatic_Number_Plate_Recognition_Project\Dataset\common\Cars299.xml,101,270,136,176
e:\AnacondaWorkspace\resume\ineuron\Automatic_Number_Plate_Recognition_Project\Dataset\common\Cars3.xml,142,261,128,157
e:\AnacondaWorkspace\resume\ineuron\Automatic_Number_Plate_Recognition_Project\Dataset\common\Cars30.xml,155,200,169,182
e:\AnacondaWorkspace\resume\ineuron\Automatic_Number_Plate_Recognition_Project\Dataset\common\Cars300.xml,259,317,185,215
e:\AnacondaWorkspace\resume\ineuron\Automatic_Number_Plate_Recognition_Project\Dataset\common\Cars301.xml,205,303,107,135
e:\AnacondaWorkspace\resume\ineuron\Automatic_Number_Plate_Recognition_Project\Dataset\common\Cars302.xml,222,425,98,149
e:\AnacondaWorkspace\resume\ineuron\Automatic_Number_Plate_Recognition_Project\Dataset\common\Cars303.xml,150,247,211,237
e:\AnacondaWorkspace\resume\ineuron\Automatic_Number_Plate_Recognition_Project\Dataset\common\Cars304.xml,143,222,114,156
e:\AnacondaWorkspace\resume\ineuron\Automatic_Number_Plate_Recognition_Project\Dataset\common\Cars305.xml,361,434,167,183
e:\AnacondaWorkspace\resume\ineuron\Automatic_Number_Plate_Recognition_Project\Dataset\common\Cars306.xml,139,249,282,310
e:\AnacondaWorkspace\resume\ineuron\Automatic_Number_Plate_Recognition_Project\Dataset\common\Cars307.xml,172,437,163,220
e:\AnacondaWorkspace\resume\ineuron\Automatic_Number_Plate_Recognition_Project\Dataset\common\Cars308.xml,159,237,221,241
e:\AnacondaWorkspace\resume\ineuron\Automatic_Number_Plate_Recognition_Project\Dataset\common\Cars309.xml,152,252,122,207
e:\AnacondaWorkspace\resume\ineuron\Automatic_Number_Plate_Recognition_Project\Dataset\common\Cars31.xml,286,400,173,211
e:\AnacondaWorkspace\resume\ineuron\Automatic_Number_Plate_Recognition_Project\Dataset\common\Cars310.xml,241,348,369,417
e:\AnacondaWorkspace\resume\ineuron\Automatic_Number_Plate_Recognition_Project\Dataset\common\Cars311.xml,295,355,166,185
e:\AnacondaWorkspace\resume\ineuron\Automatic_Number_Plate_Recognition_Project\Dataset\common\Cars312.xml,111,518,66,246
e:\AnacondaWorkspace\resume\ineuron\Automatic_Number_Plate_Recognition_Project\Dataset\common\Cars313.xml,176,252,211,246
e:\AnacondaWorkspace\resume\ineuron\Automatic_Number_Plate_Recognition_Project\Dataset\common\Cars314.xml,195,274,149,209
e:\AnacondaWorkspace\resume\ineuron\Automatic_Number_Plate_Recognition_Project\Dataset\common\Cars315.xml,12,385,98,181
e:\AnacondaWorkspace\resume\ineuron\Automatic_Number_Plate_Recognition_Project\Dataset\common\Cars316.xml,377,476,405,439
e:\AnacondaWorkspace\resume\ineuron\Automatic_Number_Plate_Recognition_Project\Dataset\common\Cars317.xml,164,240,202,220
e:\AnacondaWorkspace\resume\ineuron\Automatic_Number_Plate_Recognition_Project\Dataset\common\Cars318.xml,119,263,117,160
e:\AnacondaWorkspace\resume\ineuron\Automatic_Number_Plate_Recognition_Project\Dataset\common\Cars319.xml,167,232,228,259
e:\AnacondaWorkspace\resume\ineuron\Automatic_Number_Plate_Recognition_Project\Dataset\common\Cars32.xml,200,251,149,167
e:\AnacondaWorkspace\resume\ineuron\Automatic_Number_Plate_Recognition_Project\Dataset\common\Cars320.xml,99,257,225,266
e:\AnacondaWorkspace\resume\ineuron\Automatic_Number_Plate_Recognition_Project\Dataset\common\Cars321.xml,134,169,235,246
e:\AnacondaWorkspace\resume\ineuron\Automatic_Number_Plate_Recognition_Project\Dataset\common\Cars322.xml,274,350,257,297
e:\AnacondaWorkspace\resume\ineuron\Automatic_Number_Plate_Recognition_Project\Dataset\common\Cars323.xml,123,279,28,65
e:\AnacondaWorkspace\resume\ineuron\Automatic_Number_Plate_Recognition_Project\Dataset\common\Cars324.xml,151,255,138,159
e:\AnacondaWorkspace\resume\ineuron\Automatic_Number_Plate_Recognition_Project\Dataset\common\Cars325.xml,230,262,180,196
e:\AnacondaWorkspace\resume\ineuron\Automatic_Number_Plate_Recognition_Project\Dataset\common\Cars326.xml,141,252,198,230
e:\AnacondaWorkspace\resume\ineuron\Automatic_Number_Plate_Recognition_Project\Dataset\common\Cars327.xml,138,262,126,155
e:\AnacondaWorkspace\resume\ineuron\Automatic_Number_Plate_Recognition_Project\Dataset\common\Cars328.xml,156,248,149,170
e:\AnacondaWorkspace\resume\ineuron\Automatic_Number_Plate_Recognition_Project\Dataset\common\Cars329.xml,166,224,142,176
e:\AnacondaWorkspace\resume\ineuron\Automatic_Number_Plate_Recognition_Project\Dataset\common\Cars33.xml,94,306,56,169
e:\AnacondaWorkspace\resume\ineuron\Automatic_Number_Plate_Recognition_Project\Dataset\common\Cars330.xml,29,57,192,203
e:\AnacondaWorkspace\resume\ineuron\Automatic_Number_Plate_Recognition_Project\Dataset\common\Cars331.xml,164,235,220,240
e:\AnacondaWorkspace\resume\ineuron\Automatic_Number_Plate_Recognition_Project\Dataset\common\Cars332.xml,143,260,126,159
e:\AnacondaWorkspace\resume\ineuron\Automatic_Number_Plate_Recognition_Project\Dataset\common\Cars333.xml,117,270,157,191
e:\AnacondaWorkspace\resume\ineuron\Automatic_Number_Plate_Recognition_Project\Dataset\common\Cars334.xml,155,211,146,162
e:\AnacondaWorkspace\resume\ineuron\Automatic_Number_Plate_Recognition_Project\Dataset\common\Cars335.xml,156,221,163,198
e:\AnacondaWorkspace\resume\ineuron\Automatic_Number_Plate_Recognition_Project\Dataset\common\Cars336.xml,122,265,195,234
e:\AnacondaWorkspace\resume\ineuron\Automatic_Number_Plate_Recognition_Project\Dataset\common\Cars337.xml,119,136,131,154
e:\AnacondaWorkspace\resume\ineuron\Automatic_Number_Plate_Recognition_Project\Dataset\common\Cars338.xml,297,316,193,205
e:\AnacondaWorkspace\resume\ineuron\Automatic_Number_Plate_Recognition_Project\Dataset\common\Cars339.xml,209,283,135,169
e:\AnacondaWorkspace\resume\ineuron\Automatic_Number_Plate_Recognition_Project\Dataset\common\Cars34.xml,147,260,181,206
e:\AnacondaWorkspace\resume\ineuron\Automatic_Number_Plate_Recognition_Project\Dataset\common\Cars340.xml,270,321,126,143
e:\AnacondaWorkspace\resume\ineuron\Automatic_Number_Plate_Recognition_Project\Dataset\common\Cars341.xml,47,115,161,192
e:\AnacondaWorkspace\resume\ineuron\Automatic_Number_Plate_Recognition_Project\Dataset\common\Cars342.xml,196,253,148,169
e:\AnacondaWorkspace\resume\ineuron\Automatic_Number_Plate_Recognition_Project\Dataset\common\Cars343.xml,110,162,186,209
e:\AnacondaWorkspace\resume\ineuron\Automatic_Number_Plate_Recognition_Project\Dataset\common\Cars344.xml,240,379,158,217
e:\AnacondaWorkspace\resume\ineuron\Automatic_Number_Plate_Recognition_Project\Dataset\common\Cars345.xml,173,247,143,182
e:\AnacondaWorkspace\resume\ineuron\Automatic_Number_Plate_Recognition_Project\Dataset\common\Cars346.xml,91,197,185,217
e:\AnacondaWorkspace\resume\ineuron\Automatic_Number_Plate_Recognition_Project\Dataset\common\Cars347.xml,227,252,124,135
e:\AnacondaWorkspace\resume\ineuron\Automatic_Number_Plate_Recognition_Project\Dataset\common\Cars348.xml,156,250,121,204
e:\AnacondaWorkspace\resume\ineuron\Automatic_Number_Plate_Recognition_Project\Dataset\common\Cars349.xml,38,146,225,249
e:\AnacondaWorkspace\resume\ineuron\Automatic_Number_Plate_Recognition_Project\Dataset\common\Cars35.xml,91,137,186,208
e:\AnacondaWorkspace\resume\ineuron\Automatic_Number_Plate_Recognition_Project\Dataset\common\Cars350.xml,162,211,179,188
e:\AnacondaWorkspace\resume\ineuron\Automatic_Number_Plate_Recognition_Project\Dataset\common\Cars351.xml,249,368,48,129
e:\AnacondaWorkspace\resume\ineuron\Automatic_Number_Plate_Recognition_Project\Dataset\common\Cars352.xml,201,217,185,195
e:\AnacondaWorkspace\resume\ineuron\Automatic_Number_Plate_Recognition_Project\Dataset\common\Cars353.xml,93,201,189,221
e:\AnacondaWorkspace\resume\ineuron\Automatic_Number_Plate_Recognition_Project\Dataset\common\Cars354.xml,65,102,202,222
e:\AnacondaWorkspace\resume\ineuron\Automatic_Number_Plate_Recognition_Project\Dataset\common\Cars355.xml,164,239,154,190
e:\AnacondaWorkspace\resume\ineuron\Automatic_Number_Plate_Recognition_Project\Dataset\common\Cars356.xml,241,364,216,275
e:\AnacondaWorkspace\resume\ineuron\Automatic_Number_Plate_Recognition_Project\Dataset\common\Cars357.xml,92,137,187,207
e:\AnacondaWorkspace\resume\ineuron\Automatic_Number_Plate_Recognition_Project\Dataset\common\Cars358.xml,44,107,94,107
e:\AnacondaWorkspace\resume\ineuron\Automatic_Number_Plate_Recognition_Project\Dataset\common\Cars359.xml,228,266,228,240
e:\AnacondaWorkspace\resume\ineuron\Automatic_Number_Plate_Recognition_Project\Dataset\common\Cars36.xml,203,285,193,229
e:\AnacondaWorkspace\resume\ineuron\Automatic_Number_Plate_Recognition_Project\Dataset\common\Cars360.xml,52,94,167,200
e:\AnacondaWorkspace\resume\ineuron\Automatic_Number_Plate_Recognition_Project\Dataset\common\Cars361.xml,148,305,113,178
e:\AnacondaWorkspace\resume\ineuron\Automatic_Number_Plate_Recognition_Project\Dataset\common\Cars362.xml,139,162,172,179
e:\AnacondaWorkspace\resume\ineuron\Automatic_Number_Plate_Recognition_Project\Dataset\common\Cars363.xml,153,254,169,204
e:\AnacondaWorkspace\resume\ineuron\Automatic_Number_Plate_Recognition_Project\Dataset\common\Cars364.xml,61,115,140,167
e:\AnacondaWorkspace\resume\ineuron\Automatic_Number_Plate_Recognition_Project\Dataset\common\Cars365.xml,293,373,205,226
e:\AnacondaWorkspace\resume\ineuron\Automatic_Number_Plate_Recognition_Project\Dataset\common\Cars366.xml,144,316,112,160
e:\AnacondaWorkspace\resume\ineuron\Automatic_Number_Plate_Recognition_Project\Dataset\common\Cars367.xml,224,382,161,222
e:\AnacondaWorkspace\resume\ineuron\Automatic_Number_Plate_Recognition_Project\Dataset\common\Cars368.xml,173,223,173,203
e:\AnacondaWorkspace\resume\ineuron\Automatic_Number_Plate_Recognition_Project\Dataset\common\Cars369.xml,176,325,253,280
e:\AnacondaWorkspace\resume\ineuron\Automatic_Number_Plate_Recognition_Project\Dataset\common\Cars37.xml,146,246,114,163
e:\AnacondaWorkspace\resume\ineuron\Automatic_Number_Plate_Recognition_Project\Dataset\common\Cars370.xml,285,425,249,276
e:\AnacondaWorkspace\resume\ineuron\Automatic_Number_Plate_Recognition_Project\Dataset\common\Cars371.xml,313,371,135,150
e:\AnacondaWorkspace\resume\ineuron\Automatic_Number_Plate_Recognition_Project\Dataset\common\Cars372.xml,221,353,275,309
e:\AnacondaWorkspace\resume\ineuron\Automatic_Number_Plate_Recognition_Project\Dataset\common\Cars373.xml,161,264,132,157
e:\AnacondaWorkspace\resume\ineuron\Automatic_Number_Plate_Recognition_Project\Dataset\common\Cars374.xml,354,441,118,142
e:\AnacondaWorkspace\resume\ineuron\Automatic_Number_Plate_Recognition_Project\Dataset\common\Cars375.xml,144,300,114,145
e:\AnacondaWorkspace\resume\ineuron\Automatic_Number_Plate_Recognition_Project\Dataset\common\Cars376.xml,159,252,178,203
e:\AnacondaWorkspace\resume\ineuron\Automatic_Number_Plate_Recognition_Project\Dataset\common\Cars377.xml,177,216,138,161
e:\AnacondaWorkspace\resume\ineuron\Automatic_Number_Plate_Recognition_Project\Dataset\common\Cars378.xml,118,254,92,137
e:\AnacondaWorkspace\resume\ineuron\Automatic_Number_Plate_Recognition_Project\Dataset\common\Cars379.xml,197,351,197,245
e:\AnacondaWorkspace\resume\ineuron\Automatic_Number_Plate_Recognition_Project\Dataset\common\Cars38.xml,168,240,196,231
e:\AnacondaWorkspace\resume\ineuron\Automatic_Number_Plate_Recognition_Project\Dataset\common\Cars380.xml,316,364,91,126
e:\AnacondaWorkspace\resume\ineuron\Automatic_Number_Plate_Recognition_Project\Dataset\common\Cars381.xml,65,147,131,155
e:\AnacondaWorkspace\resume\ineuron\Automatic_Number_Plate_Recognition_Project\Dataset\common\Cars382.xml,149,285,206,240
e:\AnacondaWorkspace\resume\ineuron\Automatic_Number_Plate_Recognition_Project\Dataset\common\Cars383.xml,54,88,216,228
e:\AnacondaWorkspace\resume\ineuron\Automatic_Number_Plate_Recognition_Project\Dataset\common\Cars384.xml,219,271,194,230
e:\AnacondaWorkspace\resume\ineuron\Automatic_Number_Plate_Recognition_Project\Dataset\common\Cars385.xml,69,310,75,191
e:\AnacondaWorkspace\resume\ineuron\Automatic_Number_Plate_Recognition_Project\Dataset\common\Cars386.xml,83,221,307,368
e:\AnacondaWorkspace\resume\ineuron\Automatic_Number_Plate_Recognition_Project\Dataset\common\Cars387.xml,163,256,187,225
e:\AnacondaWorkspace\resume\ineuron\Automatic_Number_Plate_Recognition_Project\Dataset\common\Cars388.xml,149,255,130,158
e:\AnacondaWorkspace\resume\ineuron\Automatic_Number_Plate_Recognition_Project\Dataset\common\Cars389.xml,77,222,305,370
e:\AnacondaWorkspace\resume\ineuron\Automatic_Number_Plate_Recognition_Project\Dataset\common\Cars39.xml,225,328,180,213
e:\AnacondaWorkspace\resume\ineuron\Automatic_Number_Plate_Recognition_Project\Dataset\common\Cars390.xml,360,397,118,136
e:\AnacondaWorkspace\resume\ineuron\Automatic_Number_Plate_Recognition_Project\Dataset\common\Cars391.xml,270,320,163,190
e:\AnacondaWorkspace\resume\ineuron\Automatic_Number_Plate_Recognition_Project\Dataset\common\Cars392.xml,144,260,150,209
e:\AnacondaWorkspace\resume\ineuron\Automatic_Number_Plate_Recognition_Project\Dataset\common\Cars393.xml,94,211,171,208
e:\AnacondaWorkspace\resume\ineuron\Automatic_Number_Plate_Recognition_Project\Dataset\common\Cars394.xml,291,410,167,190
e:\AnacondaWorkspace\resume\ineuron\Automatic_Number_Plate_Recognition_Project\Dataset\common\Cars395.xml,241,288,182,205
e:\AnacondaWorkspace\resume\ineuron\Automatic_Number_Plate_Recognition_Project\Dataset\common\Cars396.xml,181,269,264,289
e:\AnacondaWorkspace\resume\ineuron\Automatic_Number_Plate_Recognition_Project\Dataset\common\Cars397.xml,144,216,169,212
e:\AnacondaWorkspace\resume\ineuron\Automatic_Number_Plate_Recognition_Project\Dataset\common\Cars398.xml,72,196,139,222
e:\AnacondaWorkspace\resume\ineuron\Automatic_Number_Plate_Recognition_Project\Dataset\common\Cars399.xml,106,309,62,161
e:\AnacondaWorkspace\resume\ineuron\Automatic_Number_Plate_Recognition_Project\Dataset\common\Cars4.xml,156,503,82,253
e:\AnacondaWorkspace\resume\ineuron\Automatic_Number_Plate_Recognition_Project\Dataset\common\Cars40.xml,261,317,186,211
e:\AnacondaWorkspace\resume\ineuron\Automatic_Number_Plate_Recognition_Project\Dataset\common\Cars400.xml,303,340,191,217
e:\AnacondaWorkspace\resume\ineuron\Automatic_Number_Plate_Recognition_Project\Dataset\common\Cars401.xml,158,238,223,240
e:\AnacondaWorkspace\resume\ineuron\Automatic_Number_Plate_Recognition_Project\Dataset\common\Cars402.xml,360,438,165,181
e:\AnacondaWorkspace\resume\ineuron\Automatic_Number_Plate_Recognition_Project\Dataset\common\Cars403.xml,296,332,189,209
e:\AnacondaWorkspace\resume\ineuron\Automatic_Number_Plate_Recognition_Project\Dataset\common\Cars404.xml,162,235,208,244
e:\AnacondaWorkspace\resume\ineuron\Automatic_Number_Plate_Recognition_Project\Dataset\common\Cars405.xml,241,299,207,232
e:\AnacondaWorkspace\resume\ineuron\Automatic_Number_Plate_Recognition_Project\Dataset\common\Cars406.xml,285,374,185,226
e:\AnacondaWorkspace\resume\ineuron\Automatic_Number_Plate_Recognition_Project\Dataset\common\Cars407.xml,311,346,183,202
e:\AnacondaWorkspace\resume\ineuron\Automatic_Number_Plate_Recognition_Project\Dataset\common\Cars408.xml,160,187,217,228
e:\AnacondaWorkspace\resume\ineuron\Automatic_Number_Plate_Recognition_Project\Dataset\common\Cars409.xml,116,203,146,168
e:\AnacondaWorkspace\resume\ineuron\Automatic_Number_Plate_Recognition_Project\Dataset\common\Cars41.xml,109,159,182,206
e:\AnacondaWorkspace\resume\ineuron\Automatic_Number_Plate_Recognition_Project\Dataset\common\Cars410.xml,51,219,150,212
e:\AnacondaWorkspace\resume\ineuron\Automatic_Number_Plate_Recognition_Project\Dataset\common\Cars411.xml,160,249,153,197
e:\AnacondaWorkspace\resume\ineuron\Automatic_Number_Plate_Recognition_Project\Dataset\common\Cars412.xml,221,362,172,202
e:\AnacondaWorkspace\resume\ineuron\Automatic_Number_Plate_Recognition_Project\Dataset\common\Cars413.xml,237,271,143,162
e:\AnacondaWorkspace\resume\ineuron\Automatic_Number_Plate_Recognition_Project\Dataset\common\Cars414.xml,269,309,206,228
e:\AnacondaWorkspace\resume\ineuron\Automatic_Number_Plate_Recognition_Project\Dataset\common\Cars415.xml,133,261,157,192
e:\AnacondaWorkspace\resume\ineuron\Automatic_Number_Plate_Recognition_Project\Dataset\common\Cars416.xml,150,234,207,221
e:\AnacondaWorkspace\resume\ineuron\Automatic_Number_Plate_Recognition_Project\Dataset\common\Cars417.xml,90,273,145,196
e:\AnacondaWorkspace\resume\ineuron\Automatic_Number_Plate_Recognition_Project\Dataset\common\Cars418.xml,99,303,70,155
e:\AnacondaWorkspace\resume\ineuron\Automatic_Number_Plate_Recognition_Project\Dataset\common\Cars419.xml,195,349,196,242
e:\AnacondaWorkspace\resume\ineuron\Automatic_Number_Plate_Recognition_Project\Dataset\common\Cars42.xml,177,217,140,159
e:\AnacondaWorkspace\resume\ineuron\Automatic_Number_Plate_Recognition_Project\Dataset\common\Cars420.xml,112,160,186,211
e:\AnacondaWorkspace\resume\ineuron\Automatic_Number_Plate_Recognition_Project\Dataset\common\Cars421.xml,95,127,162,183
e:\AnacondaWorkspace\resume\ineuron\Automatic_Number_Plate_Recognition_Project\Dataset\common\Cars422.xml,159,296,126,182
e:\AnacondaWorkspace\resume\ineuron\Automatic_Number_Plate_Recognition_Project\Dataset\common\Cars423.xml,162,283,159,183
e:\AnacondaWorkspace\resume\ineuron\Automatic_Number_Plate_Recognition_Project\Dataset\common\Cars424.xml,128,461,173,242
e:\AnacondaWorkspace\resume\ineuron\Automatic_Number_Plate_Recognition_Project\Dataset\common\Cars425.xml,211,301,103,132
e:\AnacondaWorkspace\resume\ineuron\Automatic_Number_Plate_Recognition_Project\Dataset\common\Cars426.xml,148,282,206,238
e:\AnacondaWorkspace\resume\ineuron\Automatic_Number_Plate_Recognition_Project\Dataset\common\Cars427.xml,236,375,193,228
e:\AnacondaWorkspace\resume\ineuron\Automatic_Number_Plate_Recognition_Project\Dataset\common\Cars428.xml,142,258,128,157
e:\AnacondaWorkspace\resume\ineuron\Automatic_Number_Plate_Recognition_Project\Dataset\common\Cars429.xml,86,208,166,195
e:\AnacondaWorkspace\resume\ineuron\Automatic_Number_Plate_Recognition_Project\Dataset\common\Cars43.xml,142,319,111,161
e:\AnacondaWorkspace\resume\ineuron\Automatic_Number_Plate_Recognition_Project\Dataset\common\Cars430.xml,38,116,159,197
e:\AnacondaWorkspace\resume\ineuron\Automatic_Number_Plate_Recognition_Project\Dataset\common\Cars431.xml,55,343,82,147
e:\AnacondaWorkspace\resume\ineuron\Automatic_Number_Plate_Recognition_Project\Dataset\common\Cars432.xml,95,196,258,284
e:\AnacondaWorkspace\resume\ineuron\Automatic_Number_Plate_Recognition_Project\Dataset\common\Cars44.xml,18,430,153,271
e:\AnacondaWorkspace\resume\ineuron\Automatic_Number_Plate_Recognition_Project\Dataset\common\Cars45.xml,204,280,103,175
e:\AnacondaWorkspace\resume\ineuron\Automatic_Number_Plate_Recognition_Project\Dataset\common\Cars46.xml,189,352,193,248
e:\AnacondaWorkspace\resume\ineuron\Automatic_Number_Plate_Recognition_Project\Dataset\common\Cars47.xml,6,48,143,161
e:\AnacondaWorkspace\resume\ineuron\Automatic_Number_Plate_Recognition_Project\Dataset\common\Cars48.xml,95,286,117,155
e:\AnacondaWorkspace\resume\ineuron\Automatic_Number_Plate_Recognition_Project\Dataset\common\Cars49.xml,268,314,171,190
e:\AnacondaWorkspace\resume\ineuron\Automatic_Number_Plate_Recognition_Project\Dataset\common\Cars5.xml,226,242,218,240
e:\AnacondaWorkspace\resume\ineuron\Automatic_Number_Plate_Recognition_Project\Dataset\common\Cars50.xml,116,525,55,262
e:\AnacondaWorkspace\resume\ineuron\Automatic_Number_Plate_Recognition_Project\Dataset\common\Cars51.xml,264,318,141,162
e:\AnacondaWorkspace\resume\ineuron\Automatic_Number_Plate_Recognition_Project\Dataset\common\Cars52.xml,226,327,181,210
e:\AnacondaWorkspace\resume\ineuron\Automatic_Number_Plate_Recognition_Project\Dataset\common\Cars53.xml,146,260,187,213
e:\AnacondaWorkspace\resume\ineuron\Automatic_Number_Plate_Recognition_Project\Dataset\common\Cars54.xml,148,257,61,118
e:\AnacondaWorkspace\resume\ineuron\Automatic_Number_Plate_Recognition_Project\Dataset\common\Cars55.xml,143,210,171,208
e:\AnacondaWorkspace\resume\ineuron\Automatic_Number_Plate_Recognition_Project\Dataset\common\Cars56.xml,87,339,82,146
e:\AnacondaWorkspace\resume\ineuron\Automatic_Number_Plate_Recognition_Project\Dataset\common\Cars57.xml,270,321,162,195
e:\AnacondaWorkspace\resume\ineuron\Automatic_Number_Plate_Recognition_Project\Dataset\common\Cars58.xml,154,241,166,187
e:\AnacondaWorkspace\resume\ineuron\Automatic_Number_Plate_Recognition_Project\Dataset\common\Cars59.xml,324,375,162,175
e:\AnacondaWorkspace\resume\ineuron\Automatic_Number_Plate_Recognition_Project\Dataset\common\Cars6.xml,112,373,114,239
e:\AnacondaWorkspace\resume\ineuron\Automatic_Number_Plate_Recognition_Project\Dataset\common\Cars60.xml,45,364,98,159
e:\AnacondaWorkspace\resume\ineuron\Automatic_Number_Plate_Recognition_Project\Dataset\common\Cars61.xml,71,198,124,231
e:\AnacondaWorkspace\resume\ineuron\Automatic_Number_Plate_Recognition_Project\Dataset\common\Cars62.xml,156,243,110,159
e:\AnacondaWorkspace\resume\ineuron\Automatic_Number_Plate_Recognition_Project\Dataset\common\Cars63.xml,54,91,201,226
e:\AnacondaWorkspace\resume\ineuron\Automatic_Number_Plate_Recognition_Project\Dataset\common\Cars64.xml,120,325,187,220
e:\AnacondaWorkspace\resume\ineuron\Automatic_Number_Plate_Recognition_Project\Dataset\common\Cars65.xml,207,300,200,260
e:\AnacondaWorkspace\resume\ineuron\Automatic_Number_Plate_Recognition_Project\Dataset\common\Cars66.xml,144,211,170,202
e:\AnacondaWorkspace\resume\ineuron\Automatic_Number_Plate_Recognition_Project\Dataset\common\Cars67.xml,189,328,223,248
e:\AnacondaWorkspace\resume\ineuron\Automatic_Number_Plate_Recognition_Project\Dataset\common\Cars68.xml,189,245,142,171
e:\AnacondaWorkspace\resume\ineuron\Automatic_Number_Plate_Recognition_Project\Dataset\common\Cars69.xml,77,124,150,175
e:\AnacondaWorkspace\resume\ineuron\Automatic_Number_Plate_Recognition_Project\Dataset\common\Cars7.xml,166,206,141,154
e:\AnacondaWorkspace\resume\ineuron\Automatic_Number_Plate_Recognition_Project\Dataset\common\Cars70.xml,179,213,115,133
e:\AnacondaWorkspace\resume\ineuron\Automatic_Number_Plate_Recognition_Project\Dataset\common\Cars71.xml,254,284,144,152
e:\AnacondaWorkspace\resume\ineuron\Automatic_Number_Plate_Recognition_Project\Dataset\common\Cars72.xml,156,255,182,208
e:\AnacondaWorkspace\resume\ineuron\Automatic_Number_Plate_Recognition_Project\Dataset\common\Cars73.xml,119,283,22,69
e:\AnacondaWorkspace\resume\ineuron\Automatic_Number_Plate_Recognition_Project\Dataset\common\Cars74.xml,115,277,115,153
e:\AnacondaWorkspace\resume\ineuron\Automatic_Number_Plate_Recognition_Project\Dataset\common\Cars75.xml,209,218,196,201
e:\AnacondaWorkspace\resume\ineuron\Automatic_Number_Plate_Recognition_Project\Dataset\common\Cars76.xml,6,470,114,233
e:\AnacondaWorkspace\resume\ineuron\Automatic_Number_Plate_Recognition_Project\Dataset\common\Cars77.xml,229,309,151,178
e:\AnacondaWorkspace\resume\ineuron\Automatic_Number_Plate_Recognition_Project\Dataset\common\Cars78.xml,149,249,210,239
e:\AnacondaWorkspace\resume\ineuron\Automatic_Number_Plate_Recognition_Project\Dataset\common\Cars79.xml,238,350,363,422
e:\AnacondaWorkspace\resume\ineuron\Automatic_Number_Plate_Recognition_Project\Dataset\common\Cars8.xml,204,304,104,134
e:\AnacondaWorkspace\resume\ineuron\Automatic_Number_Plate_Recognition_Project\Dataset\common\Cars80.xml,94,279,148,186
e:\AnacondaWorkspace\resume\ineuron\Automatic_Number_Plate_Recognition_Project\Dataset\common\Cars81.xml,297,327,100,125
e:\AnacondaWorkspace\resume\ineuron\Automatic_Number_Plate_Recognition_Project\Dataset\common\Cars82.xml,190,257,59,77
e:\AnacondaWorkspace\resume\ineuron\Automatic_Number_Plate_Recognition_Project\Dataset\common\Cars83.xml,251,326,295,341
e:\AnacondaWorkspace\resume\ineuron\Automatic_Number_Plate_Recognition_Project\Dataset\common\Cars84.xml,167,238,201,220
e:\AnacondaWorkspace\resume\ineuron\Automatic_Number_Plate_Recognition_Project\Dataset\common\Cars85.xml,86,146,218,235
e:\AnacondaWorkspace\resume\ineuron\Automatic_Number_Plate_Recognition_Project\Dataset\common\Cars86.xml,332,447,176,204
e:\AnacondaWorkspace\resume\ineuron\Automatic_Number_Plate_Recognition_Project\Dataset\common\Cars87.xml,3,45,205,220
e:\AnacondaWorkspace\resume\ineuron\Automatic_Number_Plate_Recognition_Project\Dataset\common\Cars88.xml,168,242,148,171
e:\AnacondaWorkspace\resume\ineuron\Automatic_Number_Plate_Recognition_Project\Dataset\common\Cars89.xml,307,345,206,221
e:\AnacondaWorkspace\resume\ineuron\Automatic_Number_Plate_Recognition_Project\Dataset\common\Cars9.xml,164,272,224,247
e:\AnacondaWorkspace\resume\ineuron\Automatic_Number_Plate_Recognition_Project\Dataset\common\Cars90.xml,77,101,204,225
e:\AnacondaWorkspace\resume\ineuron\Automatic_Number_Plate_Recognition_Project\Dataset\common\Cars91.xml,269,317,170,189
e:\AnacondaWorkspace\resume\ineuron\Automatic_Number_Plate_Recognition_Project\Dataset\common\Cars92.xml,281,393,185,271
e:\AnacondaWorkspace\resume\ineuron\Automatic_Number_Plate_Recognition_Project\Dataset\common\Cars93.xml,347,367,122,132
e:\AnacondaWorkspace\resume\ineuron\Automatic_Number_Plate_Recognition_Project\Dataset\common\Cars94.xml,176,251,210,248
e:\AnacondaWorkspace\resume\ineuron\Automatic_Number_Plate_Recognition_Project\Dataset\common\Cars95.xml,278,407,182,263
e:\AnacondaWorkspace\resume\ineuron\Automatic_Number_Plate_Recognition_Project\Dataset\common\Cars96.xml,133,261,126,160
e:\AnacondaWorkspace\resume\ineuron\Automatic_Number_Plate_Recognition_Project\Dataset\common\Cars97.xml,98,297,102,191
e:\AnacondaWorkspace\resume\ineuron\Automatic_Number_Plate_Recognition_Project\Dataset\common\Cars98.xml,85,247,196,259
e:\AnacondaWorkspace\resume\ineuron\Automatic_Number_Plate_Recognition_Project\Dataset\common\Cars99.xml,70,262,198,271
